"schema";"uuid";"id";"type";"isHarvested";"title";"abstract"
"iso19139";"bc81792d-5697-4790-88cf-c82039bca999";"1463";"METADATA";"n";"Marco Maestro Rural y Agropecuario Vigencia 2020. Bogotá, D. C.";"Servicio de descarga de datos geográficos correspondientes a los niveles de información del Marco Maestro Rural y Agropecuario (MMRA) para Bogotá D.C..
El Marco Maestro Rural y Agropecuario es un marco dual, compuesto por un conjunto de unidades, que contiene la información geográfica y alfanumérica de las variables de interés, permitiendo la ubicación e identificación de las unidades y su clasificación como base para el desarrollo de operaciones estadísticas del sector agropecuario y rural colombiano.
Su uso está enmarcado en los periodos intercensales, en donde se realiza la selección de las  muestras estadísticas, facilitando los procesos de selección, estratificación o estimación de la información. A su vez es retroalimentado constantemente permitiendo contar con información actualizada."
"iso19139";"bc81792d-5697-4790-88cf-c82039bca999";"1463";"METADATA";"n";"Marco Maestro Rural y Agropecuario Vigencia 2020. Bogotá, D. C.";"Servicio de descarga de datos geográficos correspondientes a los niveles de información del Marco Maestro Rural y Agropecuario (MMRA) para Bogotá D.C..
El Marco Maestro Rural y Agropecuario es un marco dual, compuesto por un conjunto de unidades, que contiene la información geográfica y alfanumérica de las variables de interés, permitiendo la ubicación e identificación de las unidades y su clasificación como base para el desarrollo de operaciones estadísticas del sector agropecuario y rural colombiano.
Su uso está enmarcado en los periodos intercensales, en donde se realiza la selección de las  muestras estadísticas, facilitando los procesos de selección, estratificación o estimación de la información. A su vez es retroalimentado constantemente permitiendo contar con información actualizada."
