<?xml version="1.0" encoding="UTF-8"?>
<info version="1.1">
  <general>
    <createDate>2021-05-03T10:01:30</createDate>
    <changeDate>2021-05-05T08:49:53</changeDate>
    <schema>iso19139</schema>
    <isTemplate>n</isTemplate>
    <localId>1463</localId>
    <format>full</format>
    <rating>0</rating>
    <popularity>15</popularity>
    <uuid>bc81792d-5697-4790-88cf-c82039bca999</uuid>
    <siteId>2627d590-4c4a-4f87-a5c2-e9707db7dde6</siteId>
    <siteName>Catálogo de Metadatos Geográficos</siteName>
  </general>
  <categories>
    <category name="maps" />
    <category name="datasets" />
  </categories>
  <privileges>
    <group name="all">
      <operation name="notify" />
      <operation name="featured" />
      <operation name="dynamic" />
      <operation name="download" />
      <operation name="view" />
    </group>
  </privileges>
  <public>
    <file name="imgMGNp_05_Antioquia.PNG" changeDate="2020-01-21T14:53:13" />
    <file name="MTD_88.jpg" changeDate="2020-01-21T14:53:12" />
    <file name="MTD_81.jpg" changeDate="2020-01-21T14:53:12" />
    <file name="imgMGNp_05__Antioquia.PNG" changeDate="2020-01-21T14:53:13" />
    <file name="91.jpg" changeDate="2020-01-21T14:53:13" />
    <file name="MTD_05.jpg" changeDate="2020-01-21T14:53:13" />
    <file name="MTD_11.jpg" changeDate="2020-01-21T14:53:12" />
    <file name="MTD_91.jpg" changeDate="2020-01-21T14:53:12" />
    <file name="image.png" changeDate="2020-01-21T14:53:13" />
    <file name="img_MGNtp.png" changeDate="2020-01-21T14:53:13" />
    <file name="img_MGN1.JPG" changeDate="2020-01-21T14:53:13" />
    <file name="img_MGNp.png" changeDate="2020-01-21T14:53:13" />
    <file name="MTD_08.jpg" changeDate="2020-01-21T14:53:12" />
  </public>
  <private />
</info>

