<?xml version="1.0" encoding="UTF-8"?>
<gmd:MD_Metadata xmlns:gmd="http://www.isotc211.org/2005/gmd" xmlns:gco="http://www.isotc211.org/2005/gco" xmlns:srv="http://www.isotc211.org/2005/srv" xmlns:gmx="http://www.isotc211.org/2005/gmx" xmlns:gts="http://www.isotc211.org/2005/gts" xmlns:gsr="http://www.isotc211.org/2005/gsr" xmlns:gmi="http://www.isotc211.org/2005/gmi" xmlns:gml="http://www.opengis.net/gml" xmlns:xlink="http://www.w3.org/1999/xlink" xmlns:geonet="http://www.fao.org/geonetwork" xmlns:xsi="http://www.w3.org/2001/XMLSchema-instance" xsi:schemaLocation="http://www.isotc211.org/2005/gmd http://schemas.opengis.net/csw/2.0.2/profiles/apiso/1.0.0/apiso.xsd">
  <gmd:fileIdentifier>
    <gco:CharacterString>bc81792d-5697-4790-88cf-c82039bca999</gco:CharacterString>
  </gmd:fileIdentifier>
  <gmd:language>
    <gmd:LanguageCode codeList="http://www.loc.gov/standards/iso639-2/" codeListValue="spa" />
  </gmd:language>
  <gmd:characterSet>
    <gmd:MD_CharacterSetCode codeListValue="utf8" codeList="http://standards.iso.org/iso/19139/resources/gmxCodelists.xml#MD_CharacterSetCode" />
  </gmd:characterSet>
  <gmd:contact>
    <gmd:CI_ResponsibleParty>
      <gmd:individualName>
        <gco:CharacterString>Dirección de Geoestadística</gco:CharacterString>
      </gmd:individualName>
      <gmd:organisationName>
        <gco:CharacterString>Departamento Administrativo Nacional de Estadística - DANE</gco:CharacterString>
      </gmd:organisationName>
      <gmd:positionName>
        <gco:CharacterString>Coordinación del Marco Geoestadístico Nacional</gco:CharacterString>
      </gmd:positionName>
      <gmd:contactInfo>
        <gmd:CI_Contact>
          <gmd:phone>
            <gmd:CI_Telephone>
              <gmd:voice>
                <gco:CharacterString>5715978300</gco:CharacterString>
              </gmd:voice>
              <gmd:facsimile>
                <gco:CharacterString>5715978399</gco:CharacterString>
              </gmd:facsimile>
            </gmd:CI_Telephone>
          </gmd:phone>
          <gmd:address>
            <gmd:CI_Address>
              <gmd:deliveryPoint>
                <gco:CharacterString>Carrera 59 No. 26-70 Interior I - CAN</gco:CharacterString>
              </gmd:deliveryPoint>
              <gmd:city>
                <gco:CharacterString>Bogotá D.C., Colombia - Suramérica</gco:CharacterString>
              </gmd:city>
              <gmd:administrativeArea>
                <gco:CharacterString>Cundinamarca</gco:CharacterString>
              </gmd:administrativeArea>
              <gmd:postalCode>
                <gco:CharacterString>111321</gco:CharacterString>
              </gmd:postalCode>
              <gmd:country>
                <gco:CharacterString>Colombia</gco:CharacterString>
              </gmd:country>
              <gmd:electronicMailAddress>
                <gco:CharacterString>sige@dane.gov.co</gco:CharacterString>
              </gmd:electronicMailAddress>
            </gmd:CI_Address>
          </gmd:address>
          <gmd:onlineResource>
            <gmd:CI_OnlineResource>
              <gmd:linkage>
                <gmd:URL>https://geoportal.dane.gov.co/</gmd:URL>
              </gmd:linkage>
              <gmd:protocol>
                <gco:CharacterString>WWW:LINK-1.0-http--link</gco:CharacterString>
              </gmd:protocol>
              <gmd:applicationProfile gco:nilReason="missing">
                <gco:CharacterString />
              </gmd:applicationProfile>
              <gmd:name>
                <gco:CharacterString>Geoportal del DANE</gco:CharacterString>
              </gmd:name>
              <gmd:description>
                <gco:CharacterString>El Geoportal es el instrumento del Sistema Estadístico Nacional que tiene el propósito de garantizar que el usuario pueda satisfacer a las necesidades de información con componente geográfico en un mismo punto de acceso, ofreciendo un amplio abanico de opciones y servicios que de acuerdo a los roles de usuario tenga permitidos</gco:CharacterString>
              </gmd:description>
              <gmd:function>
                <gmd:CI_OnLineFunctionCode codeList="http://standards.iso.org/iso/19139/resources/gmxCodelists.xml#CI_OnLineFunctionCode" codeListValue="search" />
              </gmd:function>
            </gmd:CI_OnlineResource>
          </gmd:onlineResource>
          <gmd:hoursOfService>
            <gco:CharacterString>Lunes a viernes 8:00 a 17:00</gco:CharacterString>
          </gmd:hoursOfService>
        </gmd:CI_Contact>
      </gmd:contactInfo>
      <gmd:role>
        <gmd:CI_RoleCode codeListValue="author" codeList="http://standards.iso.org/iso/19139/resources/gmxCodelists.xml#CI_RoleCode" />
      </gmd:role>
    </gmd:CI_ResponsibleParty>
  </gmd:contact>
  <gmd:dateStamp>
    <gco:DateTime>2021-05-05T08:49:53</gco:DateTime>
  </gmd:dateStamp>
  <gmd:metadataStandardName>
    <gco:CharacterString>ISO 19115:2003/19139</gco:CharacterString>
  </gmd:metadataStandardName>
  <gmd:metadataStandardVersion>
    <gco:CharacterString>1.0</gco:CharacterString>
  </gmd:metadataStandardVersion>
  <gmd:dataSetURI gco:nilReason="missing">
    <gco:CharacterString />
  </gmd:dataSetURI>
  <gmd:spatialRepresentationInfo>
    <gmd:MD_VectorSpatialRepresentation>
      <gmd:topologyLevel>
        <gmd:MD_TopologyLevelCode codeList="http://standards.iso.org/iso/19139/resources/gmxCodelists.xml#MD_TopologyLevelCode" codeListValue="geometryOnly" />
      </gmd:topologyLevel>
      <gmd:geometricObjects>
        <gmd:MD_GeometricObjects>
          <gmd:geometricObjectType>
            <gmd:MD_GeometricObjectTypeCode codeList="http://standards.iso.org/iso/19139/resources/gmxCodelists.xml#MD_GeometricObjectTypeCode" codeListValue="surface" />
          </gmd:geometricObjectType>
          <gmd:geometricObjectCount>
            <gco:Integer>16</gco:Integer>
          </gmd:geometricObjectCount>
        </gmd:MD_GeometricObjects>
      </gmd:geometricObjects>
      <gmd:geometricObjects>
        <gmd:MD_GeometricObjects>
          <gmd:geometricObjectType>
            <gmd:MD_GeometricObjectTypeCode codeList="http://standards.iso.org/iso/19139/resources/gmxCodelists.xml#MD_GeometricObjectTypeCode" codeListValue="curve" />
          </gmd:geometricObjectType>
          <gmd:geometricObjectCount>
            <gco:Integer>1</gco:Integer>
          </gmd:geometricObjectCount>
        </gmd:MD_GeometricObjects>
      </gmd:geometricObjects>
      <gmd:geometricObjects>
        <gmd:MD_GeometricObjects>
          <gmd:geometricObjectType>
            <gmd:MD_GeometricObjectTypeCode codeList="http://standards.iso.org/iso/19139/resources/gmxCodelists.xml#MD_GeometricObjectTypeCode" codeListValue="point" />
          </gmd:geometricObjectType>
        </gmd:MD_GeometricObjects>
      </gmd:geometricObjects>
    </gmd:MD_VectorSpatialRepresentation>
  </gmd:spatialRepresentationInfo>
  <gmd:referenceSystemInfo>
    <gmd:MD_ReferenceSystem>
      <gmd:referenceSystemIdentifier>
        <gmd:RS_Identifier>
          <gmd:code>
            <gco:CharacterString>EPSG: WGS 84 / World Geodetic System 1984</gco:CharacterString>
          </gmd:code>
          <gmd:codeSpace>
            <gco:CharacterString>4326</gco:CharacterString>
          </gmd:codeSpace>
        </gmd:RS_Identifier>
      </gmd:referenceSystemIdentifier>
    </gmd:MD_ReferenceSystem>
  </gmd:referenceSystemInfo>
  <gmd:identificationInfo>
    <gmd:MD_DataIdentification>
      <gmd:citation>
        <gmd:CI_Citation>
          <gmd:title>
            <gco:CharacterString>Marco Maestro Rural y Agropecuario Vigencia 2020. Bogotá, D. C.</gco:CharacterString>
          </gmd:title>
          <gmd:date>
            <gmd:CI_Date>
              <gmd:date>
                <gco:DateTime>2021-05-03T10:00:00</gco:DateTime>
              </gmd:date>
              <gmd:dateType>
                <gmd:CI_DateTypeCode codeListValue="publication" codeList="http://standards.iso.org/iso/19139/resources/gmxCodelists.xml#CI_DateTypeCode" />
              </gmd:dateType>
            </gmd:CI_Date>
          </gmd:date>
          <gmd:edition>
            <gco:CharacterString>2.0</gco:CharacterString>
          </gmd:edition>
          <gmd:editionDate>
            <gco:DateTime>2021-05-03T10:00:00</gco:DateTime>
          </gmd:editionDate>
        </gmd:CI_Citation>
      </gmd:citation>
      <gmd:abstract>
        <gco:CharacterString>Servicio de descarga de datos geográficos correspondientes a los niveles de información del Marco Maestro Rural y Agropecuario (MMRA) para Bogotá D.C..
El Marco Maestro Rural y Agropecuario es un marco dual, compuesto por un conjunto de unidades, que contiene la información geográfica y alfanumérica de las variables de interés, permitiendo la ubicación e identificación de las unidades y su clasificación como base para el desarrollo de operaciones estadísticas del sector agropecuario y rural colombiano.
Su uso está enmarcado en los periodos intercensales, en donde se realiza la selección de las  muestras estadísticas, facilitando los procesos de selección, estratificación o estimación de la información. A su vez es retroalimentado constantemente permitiendo contar con información actualizada.</gco:CharacterString>
      </gmd:abstract>
      <gmd:purpose>
        <gco:CharacterString>Ofrecer la información agropecuaria y rural necesaria para las diferentes investigaciones que requieran de información geográfica y alfanumérica, presentada a través de sus componentes espaciales y temáticos facilitando así el diseño de las muestras en estudios agropecuarios.</gco:CharacterString>
      </gmd:purpose>
      <gmd:credit>
        <gco:CharacterString>El Marco Maestro Rural y Agropecuario 2020 se realizó tomando como fuentes: Los límites departamentales y municipales suministrados por el Instituto Geográfico Agustín Codazzi (IGAC) en 2019. La cobertura geográfica georreferenciada de resguardos indígenas y territorios colectivos de las comunidades negras, generada por el IGAC para el 2015. La Cobertura geográfica publicada por la Unidad Administrativa Especial Parques Nacionales Naturales de Colombia en el Sistema de Información Ambiental de Colombia -SIAC- de diciembre del 2016. Los pisos térmicos son tomados de la variable de Zonificación Climática del IDEAM, del 2005. Las Zona Hidrográficas Corresponden a la clasificación del IDEAM 2013. La Zonificación Agroecológica corresponde a la clasificación del IGAC, del 2002. La cobertura de la tierra predominante proviene de las unidades de observación del 3er Censo Nacional Agropecuario, la encuesta nacional agropecuaria ENA 2019, técnicas de clasificación de coberturas mediante plataformas que permiten realizar análisis geoespaciales usando procesamiento y colecciones de datos en la nube, registros administrativos o de la vinculación de la información proveniente de los Usos y Coberturas de la Tierra – Corine Land Cover.</gco:CharacterString>
      </gmd:credit>
      <gmd:status>
        <gmd:MD_ProgressCode codeListValue="completed" codeList="http://standards.iso.org/iso/19139/resources/gmxCodelists.xml#MD_ProgressCode" />
      </gmd:status>
      <gmd:pointOfContact>
        <gmd:CI_ResponsibleParty>
          <gmd:individualName>
            <gco:CharacterString>DANE</gco:CharacterString>
          </gmd:individualName>
          <gmd:organisationName>
            <gco:CharacterString>Departamento Administrativo Nacional de Estadística</gco:CharacterString>
          </gmd:organisationName>
          <gmd:positionName gco:nilReason="missing">
            <gco:CharacterString />
          </gmd:positionName>
          <gmd:contactInfo>
            <gmd:CI_Contact>
              <gmd:phone>
                <gmd:CI_Telephone>
                  <gmd:voice gco:nilReason="missing">
                    <gco:CharacterString />
                  </gmd:voice>
                  <gmd:facsimile gco:nilReason="missing">
                    <gco:CharacterString />
                  </gmd:facsimile>
                </gmd:CI_Telephone>
              </gmd:phone>
              <gmd:address>
                <gmd:CI_Address>
                  <gmd:deliveryPoint gco:nilReason="missing">
                    <gco:CharacterString />
                  </gmd:deliveryPoint>
                  <gmd:city gco:nilReason="missing">
                    <gco:CharacterString />
                  </gmd:city>
                  <gmd:administrativeArea gco:nilReason="missing">
                    <gco:CharacterString />
                  </gmd:administrativeArea>
                  <gmd:postalCode gco:nilReason="missing">
                    <gco:CharacterString />
                  </gmd:postalCode>
                  <gmd:country gco:nilReason="missing">
                    <gco:CharacterString />
                  </gmd:country>
                  <gmd:electronicMailAddress>
                    <gco:CharacterString>sige@dane.gov.co</gco:CharacterString>
                  </gmd:electronicMailAddress>
                </gmd:CI_Address>
              </gmd:address>
            </gmd:CI_Contact>
          </gmd:contactInfo>
          <gmd:role>
            <gmd:CI_RoleCode codeListValue="author" codeList="http://standards.iso.org/iso/19139/resources/gmxCodelists.xml#CI_RoleCode" />
          </gmd:role>
        </gmd:CI_ResponsibleParty>
      </gmd:pointOfContact>
      <gmd:resourceMaintenance>
        <gmd:MD_MaintenanceInformation>
          <gmd:maintenanceAndUpdateFrequency>
            <gmd:MD_MaintenanceFrequencyCode codeListValue="asNeeded" codeList="http://standards.iso.org/iso/19139/resources/gmxCodelists.xml#MD_MaintenanceFrequencyCode" />
          </gmd:maintenanceAndUpdateFrequency>
        </gmd:MD_MaintenanceInformation>
      </gmd:resourceMaintenance>
      <gmd:graphicOverview>
        <gmd:MD_BrowseGraphic>
          <gmd:fileName>
            <gco:CharacterString>https://geoportal.dane.gov.co/geonetwork/srv/api/records/bc81792d-5697-4790-88cf-c82039bca999/attachments/MTD_11.jpg</gco:CharacterString>
          </gmd:fileName>
          <gmd:fileDescription>
            <gco:CharacterString>MTD_11.jpg</gco:CharacterString>
          </gmd:fileDescription>
        </gmd:MD_BrowseGraphic>
      </gmd:graphicOverview>
      <gmd:descriptiveKeywords>
        <gmd:MD_Keywords>
          <gmd:keyword>
            <gco:CharacterString>Departamento</gco:CharacterString>
          </gmd:keyword>
          <gmd:keyword>
            <gco:CharacterString>Municipio</gco:CharacterString>
          </gmd:keyword>
          <gmd:keyword>
            <gco:CharacterString>Cabecera municipal</gco:CharacterString>
          </gmd:keyword>
          <gmd:keyword>
            <gco:CharacterString>Centro poblado</gco:CharacterString>
          </gmd:keyword>
          <gmd:keyword>
            <gco:CharacterString>Zona Hidrográfica</gco:CharacterString>
          </gmd:keyword>
          <gmd:type>
            <gmd:MD_KeywordTypeCode codeList="http://standards.iso.org/iso/19139/resources/gmxCodelists.xml#MD_KeywordTypeCode" codeListValue="place" />
          </gmd:type>
        </gmd:MD_Keywords>
      </gmd:descriptiveKeywords>
      <gmd:descriptiveKeywords>
        <gmd:MD_Keywords>
          <gmd:keyword>
            <gco:CharacterString>Marco Maestro Rural y Agropecuario</gco:CharacterString>
          </gmd:keyword>
          <gmd:keyword>
            <gco:CharacterString>Unidad Productora Agropecuaria</gco:CharacterString>
          </gmd:keyword>
          <gmd:keyword>
            <gco:CharacterString>Unidad Productora No Agropecuaria</gco:CharacterString>
          </gmd:keyword>
          <gmd:keyword>
            <gco:CharacterString>Marco de Areas</gco:CharacterString>
          </gmd:keyword>
          <gmd:keyword>
            <gco:CharacterString>Marco de Lista</gco:CharacterString>
          </gmd:keyword>
          <gmd:keyword>
            <gco:CharacterString>Conglomerado</gco:CharacterString>
          </gmd:keyword>
          <gmd:keyword>
            <gco:CharacterString>Sistema de información geográfica</gco:CharacterString>
          </gmd:keyword>
        </gmd:MD_Keywords>
      </gmd:descriptiveKeywords>
      <gmd:resourceConstraints>
        <gmd:MD_LegalConstraints>
          <gmd:accessConstraints>
            <gmd:MD_RestrictionCode codeListValue="copyright" codeList="http://standards.iso.org/iso/19139/resources/gmxCodelists.xml#MD_RestrictionCode" />
          </gmd:accessConstraints>
          <gmd:useConstraints>
            <gmd:MD_RestrictionCode codeListValue="intellectualPropertyRights" codeList="http://standards.iso.org/iso/19139/resources/gmxCodelists.xml#MD_RestrictionCode" />
          </gmd:useConstraints>
          <gmd:otherConstraints>
            <gco:CharacterString>No modificar, no distribuir y no comercializar sin previa autorización expresa y escrita del Departamento Administrativo Nacional de Estadística. Se permite generar productos derivados con citación del titular del producto originario.</gco:CharacterString>
          </gmd:otherConstraints>
        </gmd:MD_LegalConstraints>
      </gmd:resourceConstraints>
      <gmd:spatialRepresentationType>
        <gmd:MD_SpatialRepresentationTypeCode codeListValue="vector" codeList="http://standards.iso.org/iso/19139/resources/gmxCodelists.xml#MD_SpatialRepresentationTypeCode" />
      </gmd:spatialRepresentationType>
      <gmd:spatialResolution>
        <gmd:MD_Resolution>
          <gmd:equivalentScale>
            <gmd:MD_RepresentativeFraction>
              <gmd:denominator>
                <gco:Integer>25000</gco:Integer>
              </gmd:denominator>
            </gmd:MD_RepresentativeFraction>
          </gmd:equivalentScale>
        </gmd:MD_Resolution>
      </gmd:spatialResolution>
      <gmd:language>
        <gmd:LanguageCode codeList="http://www.loc.gov/standards/iso639-2/" codeListValue="spa" />
      </gmd:language>
      <gmd:characterSet>
        <gmd:MD_CharacterSetCode codeListValue="utf8" codeList="http://standards.iso.org/iso/19139/resources/gmxCodelists.xml#MD_CharacterSetCode" />
      </gmd:characterSet>
      <gmd:topicCategory>
        <gmd:MD_TopicCategoryCode>boundaries</gmd:MD_TopicCategoryCode>
      </gmd:topicCategory>
      <gmd:topicCategory>
        <gmd:MD_TopicCategoryCode>planningCadastre</gmd:MD_TopicCategoryCode>
      </gmd:topicCategory>
      <gmd:extent>
        <gmd:EX_Extent>
          <gmd:temporalElement>
            <gmd:EX_TemporalExtent>
              <gmd:extent>
                <gml:TimePeriod gml:id="d50834e395a1052958">
                  <gml:beginPosition>2013-01-02</gml:beginPosition>
                  <gml:endPosition>2020-12-31</gml:endPosition>
                </gml:TimePeriod>
              </gmd:extent>
            </gmd:EX_TemporalExtent>
          </gmd:temporalElement>
        </gmd:EX_Extent>
      </gmd:extent>
      <gmd:extent>
        <gmd:EX_Extent>
          <gmd:description>
            <gco:CharacterString>La totalidad del territorio de Bogotá, D. C.</gco:CharacterString>
          </gmd:description>
          <gmd:geographicElement>
            <gmd:EX_GeographicBoundingBox>
              <gmd:westBoundLongitude>
                <gco:Decimal>-74.69763184</gco:Decimal>
              </gmd:westBoundLongitude>
              <gmd:eastBoundLongitude>
                <gco:Decimal>-73.66491699</gco:Decimal>
              </gmd:eastBoundLongitude>
              <gmd:southBoundLatitude>
                <gco:Decimal>3.52479711</gco:Decimal>
              </gmd:southBoundLatitude>
              <gmd:northBoundLatitude>
                <gco:Decimal>5.02569256</gco:Decimal>
              </gmd:northBoundLatitude>
            </gmd:EX_GeographicBoundingBox>
          </gmd:geographicElement>
          <gmd:temporalElement />
          <gmd:verticalElement>
            <gmd:EX_VerticalExtent>
              <gmd:minimumValue>
                <gco:Real>0</gco:Real>
              </gmd:minimumValue>
              <gmd:maximumValue>
                <gco:Real>6000</gco:Real>
              </gmd:maximumValue>
              <gmd:verticalCRS />
            </gmd:EX_VerticalExtent>
          </gmd:verticalElement>
        </gmd:EX_Extent>
      </gmd:extent>
      <gmd:supplementalInformation>
        <gco:CharacterString>El Marco Maestro Rural y Agropecuario cubre la totalidad del territorio colombiano, y compuesto por un conjunto de unidades, que contiene la información geográfica y alfanumérica de las variables de interés (departamentos, municipios, cabeceras municipales, centros poblados, Zonas biofísica, Zonas homogéneas físicas y conglomerados).</gco:CharacterString>
      </gmd:supplementalInformation>
    </gmd:MD_DataIdentification>
  </gmd:identificationInfo>
  <gmd:contentInfo>
    <gmd:MD_CoverageDescription>
      <gmd:attributeDescription>
        <gco:RecordType>El conjunto de datos delimita el área geográfica de Bogotá D.C.</gco:RecordType>
      </gmd:attributeDescription>
      <gmd:contentType>
        <gmd:MD_CoverageContentTypeCode codeList="http://standards.iso.org/iso/19139/resources/gmxCodelists.xml#MD_CoverageContentTypeCode" codeListValue="thematicClassification" />
      </gmd:contentType>
    </gmd:MD_CoverageDescription>
  </gmd:contentInfo>
  <gmd:distributionInfo>
    <gmd:MD_Distribution>
      <gmd:distributionFormat xmlns:che="http://www.geocat.ch/2008/che">
        <gmd:MD_Format>
          <gmd:name>
            <gco:CharacterString>shapefile (.shp)</gco:CharacterString>
          </gmd:name>
          <gmd:version>
            <gco:CharacterString>ArcGis 10.5.1 - QGis 3.18.2</gco:CharacterString>
          </gmd:version>
        </gmd:MD_Format>
      </gmd:distributionFormat>
      <gmd:distributor xmlns:che="http://www.geocat.ch/2008/che" />
      <gmd:transferOptions>
        <gmd:MD_DigitalTransferOptions>
          <gmd:unitsOfDistribution xmlns:che="http://www.geocat.ch/2008/che">
            <gco:CharacterString>MB</gco:CharacterString>
          </gmd:unitsOfDistribution>
          <gmd:onLine>
            <gmd:CI_OnlineResource>
              <gmd:linkage>
                <gmd:URL>https://geoportal.dane.gov.co/descargas/mmra/wgs84_2020/WGS84_11_BOGOTA_2020.zip</gmd:URL>
              </gmd:linkage>
              <gmd:protocol>
                <gco:CharacterString>WWW:LINK-1.0-http--link</gco:CharacterString>
              </gmd:protocol>
              <gmd:name>
                <gco:CharacterString>WGS84_11_BOGOTA_2020.zip</gco:CharacterString>
              </gmd:name>
              <gmd:description>
                <gco:CharacterString>Marco Maestro Rural y Agropecuario Vigencia 2020. Departamento de Bogotá D.C.</gco:CharacterString>
              </gmd:description>
              <gmd:function>
                <gmd:CI_OnLineFunctionCode codeList="http://standards.iso.org/iso/19139/resources/gmxCodelists.xml#CI_OnLineFunctionCode" codeListValue="download" />
              </gmd:function>
            </gmd:CI_OnlineResource>
          </gmd:onLine>
        </gmd:MD_DigitalTransferOptions>
      </gmd:transferOptions>
    </gmd:MD_Distribution>
  </gmd:distributionInfo>
  <gmd:dataQualityInfo>
    <gmd:DQ_DataQuality>
      <gmd:scope>
        <gmd:DQ_Scope>
          <gmd:level>
            <gmd:MD_ScopeCode codeListValue="dataset" codeList="http://standards.iso.org/iso/19139/resources/gmxCodelists.xml#MD_ScopeCode" />
          </gmd:level>
        </gmd:DQ_Scope>
      </gmd:scope>
      <gmd:lineage>
        <gmd:LI_Lineage>
          <gmd:statement>
            <gco:CharacterString>La producción del Marco Maestro Rural y Agropecuario 2020 se realizó tomando como base la información levantada por el 3er Censo Nacional Agropecuario y los procesos de actualización que incluyen información de la encuesta nacional agropecuaria ENA 2019, la clasificación de coberturas mediante plataformas que permiten realizar análisis geoespaciales y  los registros administrativos. La metodología consistió en: Preparar la información geográfica y alfanumérica que retornó del operativo censal del 3er CNA, conformar las unidades de observación geográficas (UPAS y Predios No Agropecuarios) según la conformación predial reportada en cada formulario, conformar los conglomerados de unidades de observación según los parámetros establecidos para ello, generar marcos de listas mediante el asocio de las bases de datos alfanuméricas que les correspondan,  la actualización de 8.378 conglomerados con información recolectada en campo por la encuesta nacional agropecuaria ENA 2019, la clasificación de coberturas de 80.000 conglomerados y la actualización masiva con registros administrativos. La información se ha integrado en una base común y cuenta con el control de calidad que traen consigo las fuentes de información y con la validación de las reglas cartográficas generales que se puedan comprobar al momento de su creación en el software utilizado.</gco:CharacterString>
          </gmd:statement>
        </gmd:LI_Lineage>
      </gmd:lineage>
    </gmd:DQ_DataQuality>
  </gmd:dataQualityInfo>
  <gmd:metadataConstraints>
    <gmd:MD_Constraints>
      <gmd:useLimitation>
        <gco:CharacterString>No modificar, no distribuir y no comercializar sin previa autorización expresa y escrita del Departamento Administrativo Nacional de Estadística.</gco:CharacterString>
      </gmd:useLimitation>
      <gmd:useLimitation>
        <gco:CharacterString>Se permite generar productos derivados con citación del titular del producto originario.</gco:CharacterString>
      </gmd:useLimitation>
      <gmd:useLimitation>
        <gco:CharacterString>Se permite el acceso y uso, sin exclusividad, con fines sólo informativos, académicos, educacionales, de investigación, personales y/o estatales, siempre y cuando no conduzca a una utilización incorrecta, indebida e ilegal y, en general, que atente contra la normatividad colombiana, especialmente la referida a la propiedad intelectual, a la intimidad de las personas y al respeto y protección del principio de integralidad de la información. EL DANE no ofrece rendimiento o idoneidad del PRODUCTO para fines concretos. A su vez, El DANE, no tendrá responsabilidad alguna, por motivos de no disponibilidad del producto.</gco:CharacterString>
      </gmd:useLimitation>
    </gmd:MD_Constraints>
  </gmd:metadataConstraints>
  <gmd:metadataConstraints>
    <gmd:MD_Constraints>
      <gmd:useLimitation gco:nilReason="missing">
        <gco:CharacterString />
      </gmd:useLimitation>
    </gmd:MD_Constraints>
  </gmd:metadataConstraints>
  <gmd:metadataMaintenance>
    <gmd:MD_MaintenanceInformation>
      <gmd:maintenanceAndUpdateFrequency>
        <gmd:MD_MaintenanceFrequencyCode codeList="http://standards.iso.org/iso/19139/resources/gmxCodelists.xml#MD_MaintenanceFrequencyCode" codeListValue="annually" />
      </gmd:maintenanceAndUpdateFrequency>
    </gmd:MD_MaintenanceInformation>
  </gmd:metadataMaintenance>
</gmd:MD_Metadata>